<xml xmlns:o="urn:schemas-microsoft-com:office:office">
 <o:MainFile HRef="../Introduction-to-Zoom-Meetings-V.21.3-12-21-2020.htm"/>
 <o:File HRef="themedata.thmx"/>
 <o:File HRef="colorschememapping.xml"/>
 <o:File HRef="image001.jpg"/>
 <o:File HRef="image002.jpg"/>
 <o:File HRef="image003.png"/>
 <o:File HRef="image004.jpg"/>
 <o:File HRef="image005.emz"/>
 <o:File HRef="image006.png"/>
 <o:File HRef="oledata.mso"/>
 <o:File HRef="image007.emz"/>
 <o:File HRef="image008.png"/>
 <o:File HRef="image009.emz"/>
 <o:File HRef="image010.png"/>
 <o:File HRef="image011.jpg"/>
 <o:File HRef="image012.jpg"/>
 <o:File HRef="image013.jpg"/>
 <o:File HRef="image014.emz"/>
 <o:File HRef="image015.png"/>
 <o:File HRef="image016.png"/>
 <o:File HRef="image017.emz"/>
 <o:File HRef="image018.png"/>
 <o:File HRef="image019.emz"/>
 <o:File HRef="image020.png"/>
 <o:File HRef="image021.png"/>
 <o:File HRef="image022.emz"/>
 <o:File HRef="image023.png"/>
 <o:File HRef="image024.emz"/>
 <o:File HRef="image025.png"/>
 <o:File HRef="image026.emz"/>
 <o:File HRef="image027.png"/>
 <o:File HRef="image028.png"/>
 <o:File HRef="image029.jpg"/>
 <o:File HRef="image030.png"/>
 <o:File HRef="image031.jpg"/>
 <o:File HRef="image032.emz"/>
 <o:File HRef="image033.png"/>
 <o:File HRef="image034.png"/>
 <o:File HRef="image035.png"/>
 <o:File HRef="image036.emz"/>
 <o:File HRef="image037.png"/>
 <o:File HRef="image038.emz"/>
 <o:File HRef="image039.png"/>
 <o:File HRef="image040.emz"/>
 <o:File HRef="image041.png"/>
 <o:File HRef="image042.emz"/>
 <o:File HRef="image043.png"/>
 <o:File HRef="image044.emz"/>
 <o:File HRef="image045.png"/>
 <o:File HRef="image046.png"/>
 <o:File HRef="image047.png"/>
 <o:File HRef="image048.png"/>
 <o:File HRef="image049.png"/>
 <o:File HRef="image050.emz"/>
 <o:File HRef="image051.png"/>
 <o:File HRef="image052.emz"/>
 <o:File HRef="image053.png"/>
 <o:File HRef="image054.emz"/>
 <o:File HRef="image055.png"/>
 <o:File HRef="image056.png"/>
 <o:File HRef="image057.png"/>
 <o:File HRef="image058.png"/>
 <o:File HRef="image059.jpg"/>
 <o:File HRef="image060.emz"/>
 <o:File HRef="image061.png"/>
 <o:File HRef="image062.jpg"/>
 <o:File HRef="image063.jpg"/>
 <o:File HRef="image064.jpg"/>
 <o:File HRef="image065.jpg"/>
 <o:File HRef="image066.jpg"/>
 <o:File HRef="image067.jpg"/>
 <o:File HRef="image068.jpg"/>
 <o:File HRef="image069.jpg"/>
 <o:File HRef="image070.jpg"/>
 <o:File HRef="image071.jpg"/>
 <o:File HRef="image072.jpg"/>
 <o:File HRef="image073.jpg"/>
 <o:File HRef="image074.emz"/>
 <o:File HRef="image075.png"/>
 <o:File HRef="image076.emz"/>
 <o:File HRef="image077.png"/>
 <o:File HRef="image078.emz"/>
 <o:File HRef="image079.png"/>
 <o:File HRef="image080.jpg"/>
 <o:File HRef="image081.jpg"/>
 <o:File HRef="image082.png"/>
 <o:File HRef="image083.png"/>
 <o:File HRef="image084.png"/>
 <o:File HRef="image085.png"/>
 <o:File HRef="image086.emz"/>
 <o:File HRef="image087.png"/>
 <o:File HRef="image088.emz"/>
 <o:File HRef="image089.png"/>
 <o:File HRef="image090.jpg"/>
 <o:File HRef="image091.jpg"/>
 <o:File HRef="image092.png"/>
 <o:File HRef="image093.jpg"/>
 <o:File HRef="image094.png"/>
 <o:File HRef="image095.jpg"/>
 <o:File HRef="image096.emz"/>
 <o:File HRef="image097.png"/>
 <o:File HRef="image098.emz"/>
 <o:File HRef="image099.png"/>
 <o:File HRef="image100.png"/>
 <o:File HRef="image101.png"/>
 <o:File HRef="image102.emz"/>
 <o:File HRef="image103.png"/>
 <o:File HRef="image104.jpg"/>
 <o:File HRef="image105.jpg"/>
 <o:File HRef="image106.emz"/>
 <o:File HRef="image107.png"/>
 <o:File HRef="image108.png"/>
 <o:File HRef="image109.jpg"/>
 <o:File HRef="image110.png"/>
 <o:File HRef="image111.jpg"/>
 <o:File HRef="image112.png"/>
 <o:File HRef="image113.jpg"/>
 <o:File HRef="image114.png"/>
 <o:File HRef="image115.jpg"/>
 <o:File HRef="image116.png"/>
 <o:File HRef="image117.jpg"/>
 <o:File HRef="image118.png"/>
 <o:File HRef="image119.jpg"/>
 <o:File HRef="image120.png"/>
 <o:File HRef="image121.jpg"/>
 <o:File HRef="image122.png"/>
 <o:File HRef="image123.jpg"/>
 <o:File HRef="image124.png"/>
 <o:File HRef="image125.jpg"/>
 <o:File HRef="image126.png"/>
 <o:File HRef="image127.jpg"/>
 <o:File HRef="image128.png"/>
 <o:File HRef="image129.jpg"/>
 <o:File HRef="image130.png"/>
 <o:File HRef="image131.jpg"/>
 <o:File HRef="image132.png"/>
 <o:File HRef="image133.jpg"/>
 <o:File HRef="image134.png"/>
 <o:File HRef="image135.jpg"/>
 <o:File HRef="image136.emz"/>
 <o:File HRef="image137.png"/>
 <o:File HRef="image138.png"/>
 <o:File HRef="image139.jpg"/>
 <o:File HRef="image140.png"/>
 <o:File HRef="image141.jpg"/>
 <o:File HRef="image142.png"/>
 <o:File HRef="image143.jpg"/>
 <o:File HRef="image144.png"/>
 <o:File HRef="image145.jpg"/>
 <o:File HRef="image146.png"/>
 <o:File HRef="image147.jpg"/>
 <o:File HRef="image148.png"/>
 <o:File HRef="image149.jpg"/>
 <o:File HRef="image150.png"/>
 <o:File HRef="image151.jpg"/>
 <o:File HRef="image152.png"/>
 <o:File HRef="image153.jpg"/>
 <o:File HRef="image154.png"/>
 <o:File HRef="image155.jpg"/>
 <o:File HRef="image156.png"/>
 <o:File HRef="image157.jpg"/>
 <o:File HRef="image158.png"/>
 <o:File HRef="image159.emz"/>
 <o:File HRef="image160.png"/>
 <o:File HRef="image161.emz"/>
 <o:File HRef="image162.png"/>
 <o:File HRef="image163.emz"/>
 <o:File HRef="image164.png"/>
 <o:File HRef="image165.emz"/>
 <o:File HRef="image166.png"/>
 <o:File HRef="image167.emz"/>
 <o:File HRef="image168.png"/>
 <o:File HRef="image169.emz"/>
 <o:File HRef="image170.png"/>
 <o:File HRef="image171.emz"/>
 <o:File HRef="image172.png"/>
 <o:File HRef="image173.emz"/>
 <o:File HRef="image174.png"/>
 <o:File HRef="image175.emz"/>
 <o:File HRef="image176.png"/>
 <o:File HRef="image177.emz"/>
 <o:File HRef="image178.png"/>
 <o:File HRef="image179.emz"/>
 <o:File HRef="image180.png"/>
 <o:File HRef="image181.emz"/>
 <o:File HRef="image182.png"/>
 <o:File HRef="image183.emz"/>
 <o:File HRef="image184.png"/>
 <o:File HRef="image185.emz"/>
 <o:File HRef="image186.png"/>
 <o:File HRef="image187.emz"/>
 <o:File HRef="image188.png"/>
 <o:File HRef="image189.emz"/>
 <o:File HRef="image190.png"/>
 <o:File HRef="header.htm"/>
 <o:File HRef="filelist.xml"/>
</xml>