<xml xmlns:o="urn:schemas-microsoft-com:office:office">
 <o:MainFile HRef="../Introduction-to-Zoom-Meetings-V.20.1-6-12-2020.htm"/>
 <o:File HRef="themedata.thmx"/>
 <o:File HRef="colorschememapping.xml"/>
 <o:File HRef="image001.jpg"/>
 <o:File HRef="image002.jpg"/>
 <o:File HRef="image003.emz"/>
 <o:File HRef="image004.png"/>
 <o:File HRef="oledata.mso"/>
 <o:File HRef="image005.png"/>
 <o:File HRef="image006.jpg"/>
 <o:File HRef="image007.emz"/>
 <o:File HRef="image008.png"/>
 <o:File HRef="image009.emz"/>
 <o:File HRef="image010.png"/>
 <o:File HRef="image011.jpg"/>
 <o:File HRef="image012.jpg"/>
 <o:File HRef="image013.jpg"/>
 <o:File HRef="image014.emz"/>
 <o:File HRef="image015.png"/>
 <o:File HRef="image016.png"/>
 <o:File HRef="image017.png"/>
 <o:File HRef="image018.emz"/>
 <o:File HRef="image019.png"/>
 <o:File HRef="image020.png"/>
 <o:File HRef="image021.png"/>
 <o:File HRef="image022.emz"/>
 <o:File HRef="image023.png"/>
 <o:File HRef="image024.emz"/>
 <o:File HRef="image025.png"/>
 <o:File HRef="image026.emz"/>
 <o:File HRef="image027.png"/>
 <o:File HRef="image028.emz"/>
 <o:File HRef="image029.png"/>
 <o:File HRef="image030.png"/>
 <o:File HRef="image031.jpg"/>
 <o:File HRef="image032.png"/>
 <o:File HRef="image033.jpg"/>
 <o:File HRef="image034.emz"/>
 <o:File HRef="image035.png"/>
 <o:File HRef="image036.png"/>
 <o:File HRef="image037.png"/>
 <o:File HRef="image038.emz"/>
 <o:File HRef="image039.png"/>
 <o:File HRef="image040.png"/>
 <o:File HRef="image041.jpg"/>
 <o:File HRef="image042.png"/>
 <o:File HRef="image043.png"/>
 <o:File HRef="image044.png"/>
 <o:File HRef="image045.png"/>
 <o:File HRef="image046.emz"/>
 <o:File HRef="image047.png"/>
 <o:File HRef="image048.emz"/>
 <o:File HRef="image049.png"/>
 <o:File HRef="image050.png"/>
 <o:File HRef="image051.png"/>
 <o:File HRef="image052.jpg"/>
 <o:File HRef="image053.jpg"/>
 <o:File HRef="image054.jpg"/>
 <o:File HRef="image055.png"/>
 <o:File HRef="image056.png"/>
 <o:File HRef="image057.emz"/>
 <o:File HRef="image058.png"/>
 <o:File HRef="image059.emz"/>
 <o:File HRef="image060.png"/>
 <o:File HRef="image061.jpg"/>
 <o:File HRef="image062.jpg"/>
 <o:File HRef="image063.png"/>
 <o:File HRef="image064.png"/>
 <o:File HRef="image065.png"/>
 <o:File HRef="image066.jpg"/>
 <o:File HRef="image067.jpg"/>
 <o:File HRef="image068.jpg"/>
 <o:File HRef="image069.jpg"/>
 <o:File HRef="image070.jpg"/>
 <o:File HRef="image071.jpg"/>
 <o:File HRef="image072.jpg"/>
 <o:File HRef="image073.jpg"/>
 <o:File HRef="image074.jpg"/>
 <o:File HRef="image075.jpg"/>
 <o:File HRef="image076.jpg"/>
 <o:File HRef="image077.jpg"/>
 <o:File HRef="image078.png"/>
 <o:File HRef="image079.png"/>
 <o:File HRef="image080.emz"/>
 <o:File HRef="image081.png"/>
 <o:File HRef="image082.jpg"/>
 <o:File HRef="image083.jpg"/>
 <o:File HRef="image084.emz"/>
 <o:File HRef="image085.png"/>
 <o:File HRef="image086.png"/>
 <o:File HRef="image087.jpg"/>
 <o:File HRef="image088.png"/>
 <o:File HRef="image089.jpg"/>
 <o:File HRef="image090.emz"/>
 <o:File HRef="image091.png"/>
 <o:File HRef="image092.png"/>
 <o:File HRef="image093.jpg"/>
 <o:File HRef="image094.emz"/>
 <o:File HRef="image095.png"/>
 <o:File HRef="image096.png"/>
 <o:File HRef="image097.jpg"/>
 <o:File HRef="image098.png"/>
 <o:File HRef="image099.jpg"/>
 <o:File HRef="image100.png"/>
 <o:File HRef="image101.jpg"/>
 <o:File HRef="image102.png"/>
 <o:File HRef="image103.jpg"/>
 <o:File HRef="image104.png"/>
 <o:File HRef="image105.jpg"/>
 <o:File HRef="image106.emz"/>
 <o:File HRef="image107.png"/>
 <o:File HRef="image108.png"/>
 <o:File HRef="image109.png"/>
 <o:File HRef="image110.png"/>
 <o:File HRef="image111.jpg"/>
 <o:File HRef="image112.png"/>
 <o:File HRef="image113.jpg"/>
 <o:File HRef="image114.png"/>
 <o:File HRef="image115.emz"/>
 <o:File HRef="image116.png"/>
 <o:File HRef="image117.emz"/>
 <o:File HRef="image118.png"/>
 <o:File HRef="image119.emz"/>
 <o:File HRef="image120.png"/>
 <o:File HRef="image121.emz"/>
 <o:File HRef="image122.png"/>
 <o:File HRef="image123.emz"/>
 <o:File HRef="image124.png"/>
 <o:File HRef="image125.emz"/>
 <o:File HRef="image126.png"/>
 <o:File HRef="image127.emz"/>
 <o:File HRef="image128.png"/>
 <o:File HRef="image129.emz"/>
 <o:File HRef="image130.png"/>
 <o:File HRef="image131.emz"/>
 <o:File HRef="image132.png"/>
 <o:File HRef="image133.emz"/>
 <o:File HRef="image134.png"/>
 <o:File HRef="image135.emz"/>
 <o:File HRef="image136.png"/>
 <o:File HRef="image137.emz"/>
 <o:File HRef="image138.png"/>
 <o:File HRef="image139.emz"/>
 <o:File HRef="image140.png"/>
 <o:File HRef="header.htm"/>
 <o:File HRef="filelist.xml"/>
</xml>