<xml xmlns:o="urn:schemas-microsoft-com:office:office">
 <o:MainFile HRef="../Introduction-to-Zoom-Meetings-V.18.2-5-6-2020.htm"/>
 <o:File HRef="themedata.thmx"/>
 <o:File HRef="colorschememapping.xml"/>
 <o:File HRef="image001.jpg"/>
 <o:File HRef="image002.jpg"/>
 <o:File HRef="image003.emz"/>
 <o:File HRef="image004.png"/>
 <o:File HRef="oledata.mso"/>
 <o:File HRef="image005.png"/>
 <o:File HRef="image006.jpg"/>
 <o:File HRef="image007.emz"/>
 <o:File HRef="image008.png"/>
 <o:File HRef="image009.jpg"/>
 <o:File HRef="image010.jpg"/>
 <o:File HRef="image011.emz"/>
 <o:File HRef="image012.png"/>
 <o:File HRef="image013.png"/>
 <o:File HRef="image014.png"/>
 <o:File HRef="image015.emz"/>
 <o:File HRef="image016.png"/>
 <o:File HRef="image017.png"/>
 <o:File HRef="image018.png"/>
 <o:File HRef="image019.emz"/>
 <o:File HRef="image020.png"/>
 <o:File HRef="image021.emz"/>
 <o:File HRef="image022.png"/>
 <o:File HRef="image023.emz"/>
 <o:File HRef="image024.png"/>
 <o:File HRef="image025.emz"/>
 <o:File HRef="image026.png"/>
 <o:File HRef="image027.png"/>
 <o:File HRef="image028.jpg"/>
 <o:File HRef="image029.png"/>
 <o:File HRef="image030.jpg"/>
 <o:File HRef="image031.emz"/>
 <o:File HRef="image032.png"/>
 <o:File HRef="image033.png"/>
 <o:File HRef="image034.png"/>
 <o:File HRef="image035.emz"/>
 <o:File HRef="image036.png"/>
 <o:File HRef="image037.png"/>
 <o:File HRef="image038.jpg"/>
 <o:File HRef="image039.png"/>
 <o:File HRef="image040.png"/>
 <o:File HRef="image041.png"/>
 <o:File HRef="image042.png"/>
 <o:File HRef="image043.emz"/>
 <o:File HRef="image044.png"/>
 <o:File HRef="image045.emz"/>
 <o:File HRef="image046.png"/>
 <o:File HRef="image047.png"/>
 <o:File HRef="image048.png"/>
 <o:File HRef="image049.jpg"/>
 <o:File HRef="image050.jpg"/>
 <o:File HRef="image051.jpg"/>
 <o:File HRef="image052.jpg"/>
 <o:File HRef="image053.emz"/>
 <o:File HRef="image054.png"/>
 <o:File HRef="image055.emz"/>
 <o:File HRef="image056.png"/>
 <o:File HRef="image057.jpg"/>
 <o:File HRef="image058.jpg"/>
 <o:File HRef="image059.png"/>
 <o:File HRef="image060.png"/>
 <o:File HRef="image061.emz"/>
 <o:File HRef="image062.png"/>
 <o:File HRef="image063.jpg"/>
 <o:File HRef="image064.jpg"/>
 <o:File HRef="image065.jpg"/>
 <o:File HRef="image066.jpg"/>
 <o:File HRef="image067.jpg"/>
 <o:File HRef="image068.jpg"/>
 <o:File HRef="image069.jpg"/>
 <o:File HRef="image070.jpg"/>
 <o:File HRef="image071.jpg"/>
 <o:File HRef="image072.jpg"/>
 <o:File HRef="image073.jpg"/>
 <o:File HRef="image074.jpg"/>
 <o:File HRef="image075.png"/>
 <o:File HRef="image076.png"/>
 <o:File HRef="image077.jpg"/>
 <o:File HRef="image078.jpg"/>
 <o:File HRef="image079.jpg"/>
 <o:File HRef="image080.jpg"/>
 <o:File HRef="image081.png"/>
 <o:File HRef="image082.jpg"/>
 <o:File HRef="image083.png"/>
 <o:File HRef="image084.jpg"/>
 <o:File HRef="image085.emz"/>
 <o:File HRef="image086.png"/>
 <o:File HRef="image087.png"/>
 <o:File HRef="image088.jpg"/>
 <o:File HRef="image089.png"/>
 <o:File HRef="image090.jpg"/>
 <o:File HRef="image091.png"/>
 <o:File HRef="image092.jpg"/>
 <o:File HRef="image093.png"/>
 <o:File HRef="image094.jpg"/>
 <o:File HRef="image095.png"/>
 <o:File HRef="image096.jpg"/>
 <o:File HRef="image097.png"/>
 <o:File HRef="image098.jpg"/>
 <o:File HRef="image099.png"/>
 <o:File HRef="image100.jpg"/>
 <o:File HRef="image101.emz"/>
 <o:File HRef="image102.png"/>
 <o:File HRef="image103.png"/>
 <o:File HRef="image104.png"/>
 <o:File HRef="image105.png"/>
 <o:File HRef="image106.jpg"/>
 <o:File HRef="image107.png"/>
 <o:File HRef="image108.jpg"/>
 <o:File HRef="image109.emz"/>
 <o:File HRef="image110.png"/>
 <o:File HRef="image111.emz"/>
 <o:File HRef="image112.png"/>
 <o:File HRef="image113.emz"/>
 <o:File HRef="image114.png"/>
 <o:File HRef="image115.emz"/>
 <o:File HRef="image116.png"/>
 <o:File HRef="image117.emz"/>
 <o:File HRef="image118.png"/>
 <o:File HRef="image119.emz"/>
 <o:File HRef="image120.png"/>
 <o:File HRef="image121.emz"/>
 <o:File HRef="image122.png"/>
 <o:File HRef="image123.emz"/>
 <o:File HRef="image124.png"/>
 <o:File HRef="image125.emz"/>
 <o:File HRef="image126.png"/>
 <o:File HRef="image127.emz"/>
 <o:File HRef="image128.png"/>
 <o:File HRef="image129.emz"/>
 <o:File HRef="image130.png"/>
 <o:File HRef="image131.emz"/>
 <o:File HRef="image132.png"/>
 <o:File HRef="header.htm"/>
 <o:File HRef="filelist.xml"/>
</xml>